<?xml version="1.0" encoding="UTF-8"?>
<views><view name="MainView"/><folder name="enterprise"><view name="enterpriseMainView"/><folder name="mailbox"><view name="mailList"/><view name="newMessageForm"/><view name="emptyMessage"/><view name="deleteMail"/><view name="templateSelector"/><view name="templateMessage"></view></folder><folder name="lists"><view name="listManager"/></folder><folder name="templates"><view name="templateManager"/><view name="templateEditor"/><view name="templateList"/></folder><folder name="settings"><view name="appSettings"/><view name="signEditor"/></folder><view name="AboutView"/></folder><folder name="appcenter"><view name="AppCenterMainView"/></folder></views>
